<PhysiCell_settings version="devel-version">
  <domain>
    <x_min>-500</x_min>
    <x_max>500</x_max>
    <y_min>-500</y_min>
    <y_max>500</y_max>
    <z_min>-10</z_min>
    <z_max>10</z_max>
    <dx>20</dx>
    <dy>20</dy>
    <dz>20</dz>
    <use_2D>true</use_2D>
  </domain>

  <overall>
    <max_time units="min">14400</max_time>
    <time_units>min</time_units>
    <space_units>micron</space_units>

    <dt_diffusion units="min">0.01</dt_diffusion>
    <dt_mechanics units="min">0.1</dt_mechanics>
    <dt_phenotype units="min">6</dt_phenotype>
  </overall>

  <parallel>
    <omp_num_threads>4</omp_num_threads>
  </parallel>

  <save>
    <folder>output</folder>

    <full_data>
      <interval units="min">60</interval>
      <enable>true</enable>
    </full_data>

    <SVG>
      <interval units="min">60</interval>
      <enable>true</enable>
    </SVG>

    <legacy_data>
      <enable>false</enable>
    </legacy_data>
  </save>

  <options>
    <legacy_random_points_on_sphere_in_divide>false</legacy_random_points_on_sphere_in_divide>
  </options>

  <microenvironment_setup>
    <variable ID="0" name="oxygen" units="mmHg">
      <physical_parameter_set>
        <diffusion_coefficient units="micron^2/min">100000.0</diffusion_coefficient>
        <decay_rate units="1/min">0.1</decay_rate>
      </physical_parameter_set>
      <initial_condition units="mmHg">38.0</initial_condition>
      <Dirichlet_boundary_condition enabled="true" units="mmHg">38.0</Dirichlet_boundary_condition>
    </variable>

    <variable ID="1" name="glucose" units="dimensionless">
      <physical_parameter_set>
        <diffusion_coefficient units="micron^2/min">1000.0</diffusion_coefficient>
        <decay_rate units="1/min">0.1</decay_rate>
      </physical_parameter_set>
      <initial_condition units="dimensionless">0</initial_condition>
      <Dirichlet_boundary_condition enabled="false" units="dimensionless">0.0</Dirichlet_boundary_condition>
      <Dirichlet_options>
        <boundary_value ID="xmin" enabled="false">0.0</boundary_value>
        <boundary_value ID="xmax" enabled="false">0.0</boundary_value>
        <boundary_value ID="ymin" enabled="false">0.0</boundary_value>
        <boundary_value ID="ymin" enabled="false">0.0</boundary_value>
        <boundary_value ID="zmin" enabled="false">0.0</boundary_value>
        <boundary_value ID="zmax" enabled="false">0.0</boundary_value>
      </Dirichlet_options>
    </variable>

    <options>
      <calculate_gradients>true</calculate_gradients>
      <track_internalized_substrates_in_each_agent>true</track_internalized_substrates_in_each_agent>

      <initial_condition enabled="false" type="matlab">
        <filename>./config/initial.mat</filename>
      </initial_condition>

      <dirichlet_nodes enabled="false" type="matlab">
        <filename>./config/dirichlet.mat</filename>
      </dirichlet_nodes>
    </options>
  </microenvironment_setup>

  <user_parameters>
    <random_seed type="int" units="dimensionless">0</random_seed>

    <motile_cell_persistence_time type="double" units="min">15</motile_cell_persistence_time>
    <motile_cell_migration_speed type="double" units="micron/min">0.1</motile_cell_migration_speed>
    <motile_cell_migration_bias type="double" units="dimensionless">0.0</motile_cell_migration_bias>
    <motile_cell_relative_adhesion type="double" units="dimensionless">0.2</motile_cell_relative_adhesion>
    <motile_cell_apoptosis_rate type="double" units="1/min">1e-5</motile_cell_apoptosis_rate>
    <motile_cell_relative_cycle_entry_rate type="double" units="dimensionless">0.001</motile_cell_relative_cycle_entry_rate>
    <motile_cell_crystallin_proliferation_rate type="double" units="dimensionless">2.0</motile_cell_crystallin_proliferation_rate>
    <motile_color type="string" units="dimensionless">mediumblue</motile_color>

    <bob_cell_persistence_time type="double" units="min">15</bob_cell_persistence_time>
    <bob_cell_migration_speed type="double" units="micron/min">0.0</bob_cell_migration_speed>
    <bob_cell_relative_adhesion type="double" units="dimensionless">0.0</bob_cell_relative_adhesion>
    <bob_cell_apoptosis_rate type="double" units="1/min">0.0</bob_cell_apoptosis_rate>
    <bob_cell_relative_cycle_entry_rate type="double" units="dimensionless">0.0</bob_cell_relative_cycle_entry_rate>
    <bob_color type="string" units="dimensionless">mediumpurple</bob_color>

    <TA_cell_persistence_time type="double" units="min">15</TA_cell_persistence_time>
    <TA_cell_migration_speed type="double" units="micron/min">0.1</TA_cell_migration_speed>
    <TA_cell_relative_adhesion type="double" units="dimensionless">0.4</TA_cell_relative_adhesion>
    <TA_cell_apoptosis_rate type="double" units="1/min">1e-5</TA_cell_apoptosis_rate>
    <TA_cell_relative_cycle_entry_rate type="double" units="dimensionless">0.1</TA_cell_relative_cycle_entry_rate>
    <TA_color type="string" units="dimensionless">darkorange</TA_color>

    <base_cycle_entry_rate type="double" units="1/min">0.01</base_cycle_entry_rate>
    <base_apoptosis_rate type="double" units="1/min">1e-7</base_apoptosis_rate>
    <base_cell_adhesion_distance type="double" units="dimensionless">2.5</base_cell_adhesion_distance>
  </user_parameters>

</PhysiCell_settings>